ÀÏÀÚ,Æò±Õ±â¿Â(¼·¾¾),ÃÖ´ë±â¿Â(¼·¾¾),ÃÖ¼Ò±â¿Â(¼·¾¾),Æò±Õ ÁöÇ¥¿Âµµ(¼·¾¾),ÃÖ´ë ÁöÇ¥¿Âµµ(¼·¾¾),ÃÖ¼Ò ÁöÇ¥¿Âµµ(¼·¾¾),½Àµµ(ÆÛ¼¾Æ®),ÀÏ»ç·®(¼öÆò¸éÀûÀÏ»ç·®),Ç³¼Ó(¹ÌÅÍ ¸Å ÃÊ)
2020-01-01,0.431,4.113,-0.68,5.631,7.935,4.35,81.9,131.5,7.979
2020-01-02,2.498,5.519,-0.173,4.282,4.919,3.759,84.4,152.4,4.276
2020-01-03,5.306,8.16,-0.011,4.122,4.776,3.264,89.4,130.1,2.553
2020-01-04,6.522,10.72,2.761,4.615,5.759,3.787,89.4,145.7,3.424
2020-01-05,5.999,11.05,2.491,4.647,5.816,3.591,84.3,168.1,4.377
2020-01-06,6.851,12.77,2.017,4.899,6.581,3.448,77.62,162.6,1.306
2020-01-07,12.73,16.48,8.36,6.626,8.25,5.858,92.3,118.1,0.652
2020-01-08,16.65,18.6,11.33,10.62,12.95,8.24,96.9,127.1,2.102
2020-01-09,5.964,11.43,4.315,8.47,12.35,6.564,91,122,9.29
2020-01-10,4.833,6.138,3.708,6.335,6.699,5.912,89,130.7,5.543
2020-01-11,6.001,11.45,1.544,6.46,7.76,5.342,83,170.9,2.373
2020-01-12,5.816,7.513,4.519,6.767,7.209,6.381,82.2,136.5,4.268
2020-01-13,4.807,7.22,3.843,6.041,6.593,5.548,81,127.7,6.4
2020-01-14,4.563,6.814,2.626,5.478,6.036,4.966,77.03,136.7,3.977
2020-01-15,1.782,3.37,0.165,4.069,5.598,3.405,97,128.9,2.24
2020-01-16,2.48,4.181,0.199,3.267,3.405,3.137,90.9,136.8,2.839
2020-01-17,3.44,5.658,1.818,3.422,4.119,3.056,81.9,151.3,2.917
2020-01-18,4.177,7.072,2.288,3.965,4.899,3.369,77.27,168.9,4.87
2020-01-19,4.249,7.14,2.524,3.974,4.709,3.326,78.76,164.1,6.251
2020-01-20,5.46,7.281,2.085,3.749,4.138,3.321,82.3,121.6,3.36
2020-01-21,5.815,8.42,3.707,4.137,4.919,3.729,70.97,156.5,5.348
2020-01-22,4.997,10.98,0.537,3.989,5.673,2.737,78.82,180.6,2.379
2020-01-23,10.45,13.92,7.146,5.253,6.751,4.508,97.4,118.9,0.158
2020-01-24,10.42,13.15,7.615,7.53,8.51,6.741,99.4,145,3.214
2020-01-25,9.21,12.61,7.08,7.431,8.26,6.666,88,149.6,2.527
2020-01-26,9.96,12.81,7.85,7.637,8.1,7.27,95.4,118.6,0.495
2020-01-27,9.62,10.89,8.09,7.483,7.88,7.039,93.8,124.4,1.22
2020-01-28,7.99,9.67,5.869,7.222,7.553,6.66,99.9,116.5,2.418
2020-01-29,7.302,9.51,6.201,6.583,7.141,6.18,98,130.4,1.887
2020-01-30,6.853,9.7,4.722,6.472,7.306,5.6,92.4,158.6,3.843
2020-01-31,5.37,7.287,4.181,5.719,6.526,5.329,89.9,135.5,4.84
2020-02-01,4.529,7.013,2.626,4.899,5.357,4.461,79.41,137,3.988
2020-02-02,5.626,9.43,2.592,4.764,6.218,3.677,79.86,181.8,3.984
2020-02-03,5.202,9.57,-0.619,4.919,5.864,3.992,84.2,156.9,2.002
2020-02-04,4.704,8.43,0.469,4.391,4.941,3.898,84.6,122.2,2.512
2020-02-05,3.694,9.77,-1.086,4.368,5.758,3.414,73.66,184.6,2.381
2020-02-06,1.485,5.464,-1.621,4.134,4.7,3.666,83.1,176.8,7.212
2020-02-07,0.715,5.518,-2.093,3.604,4.286,3.008,75.45,184.2,2.958
2020-02-08,4.017,8.15,0.435,4.135,5.319,3.262,80.5,172.5,2.887
2020-02-09,4.329,6.545,2.085,4.113,4.776,3.64,79.27,128.1,6.911
2020-02-10,4.104,7.891,2.086,3.304,3.9,2.79,76.37,140.6,4.974
2020-02-11,7.718,13.27,0.057,4.086,6.002,2.799,76.87,178.6,2.481
2020-02-12,7.536,13.55,-1.289,4.498,5.745,3.197,81.3,150.7,0.222
2020-02-13,12.67,16.04,8.42,7.619,9.13,5.735,97.9,122.5,0.883
2020-02-14,10.63,16.36,5.248,8.41,10.19,6.83,90.3,172.8,0.828
2020-02-15,11.93,19.73,5.289,9.53,11.99,7.641,74.56,195.2,0.084
2020-02-16,14.12,18.27,8.76,10.41,11.43,9.52,97.7,137,0.324
2020-02-17,3.747,15.3,0.942,8.29,11.36,5.951,91.6,123.3,8.23
2020-02-18,-0.351,1.483,-2.263,5.058,5.951,4.378,92.8,120.9,8.13
2020-02-19,1.967,4.714,-2.027,3.954,4.388,3.612,80.1,182.7,7.296
2020-02-20,4.336,8.69,-1.695,3.42,3.622,3.207,79.38,174,1.504
2020-02-21,6.506,13.67,0.327,5.121,7.924,3.236,82,203.2,0.427
2020-02-22,9.41,15.4,0.739,7.018,8.8,5.37,89.6,180.8,0.19
2020-02-23,8.9,12.88,4.518,8.81,9.62,8.21,77.3,191.8,5.68
2020-02-24,5.481,12.36,-0.955,8.14,10.12,6.587,76.66,208.2,1.98
2020-02-25,9.41,16.92,-2.832,8.24,9.83,6.657,70.2,183.7,0.239
2020-02-26,15.85,21.3,10.78,10.93,12.2,9.6,96.4,144.2,1.034
2020-02-27,10.15,12.3,6.337,11.12,11.94,10.43,99.2,138.2,2.318
2020-02-28,7.161,12.81,3.775,9.62,10.59,8.5,88.7,163.7,1.613
2020-02-29,8.07,10.25,5.668,9.13,9.77,8.86,93.4,117.6,0.167
2020-03-01,10.69,11.26,10.15,9.69,10.12,9.13,99.9,116.3,0.015
2020-03-02,10.01,11.36,6.204,10.16,10.43,10,99.9,119.3,0.791
2020-03-03,5.703,9.91,0.598,9.6,10.44,8.94,82.8,214.8,5.473
2020-03-04,8.89,13.69,1.617,9.06,10.04,8.2,88.7,141.2,0.188
2020-03-05,6.193,9.84,2.39,9.4,9.81,8.61,81.1,192.1,7.218
2020-03-06,3.683,7.883,0.569,8.41,9.61,7.518,72.04,218,4.488
2020-03-07,5.625,12.8,-2.269,8.32,9.91,7.138,85.4,188.2,0.171
2020-03-08,9.38,10.72,7.748,8.99,9.65,8.47,95.9,124,0.266
2020-03-09,10.2,15.1,4.987,10.29,12.14,8.78,86.6,220.4,0.578
2020-03-10,11.59,13.55,7.579,10.71,11.27,10.2,97.3,123.3,0.257
2020-03-11,8.18,12.74,4.586,10.54,11.24,9.39,95.5,122,2.781
2020-03-12,5.909,9.37,2.254,9.13,10.17,8.28,66.79,224.7,3.502
2020-03-13,7.159,16.04,-3.446,9.48,11.47,7.898,68.73,108.5,0.109
2020-03-14,8.81,13.38,3.229,9.94,10.59,9.22,78.05,108.3,1.846
2020-03-15,5.42,8.32,2.626,9.06,9.79,8.36,66.94,106.7,5.366
2020-03-16,8.83,14.15,4.046,9.04,10.54,7.989,66.05,109.1,3.714
2020-03-17,4.916,10.85,-0.209,9.2,11.07,7.613,68.69,118.9,1.284
2020-03-18,9.9,20.14,-0.68,10.1,12.61,8.08,61.03,154.8,0.078
2020-03-19,12.01,19.34,2.355,11.03,13.05,9.13,72.3,207.3,0.036
2020-03-20,12.07,22.57,6.679,11.21,12.27,10.17,55.49,182.4,2.279
2020-03-21,9.98,16.91,4.579,10.96,13.25,9.04,46.51,219.7,0.364
2020-03-22,16.01,25.94,2.355,11.85,14.77,9.05,53.57,208.6,0.075
2020-03-23,14.47,23.32,8.36,13.18,14.85,11.83,78.09,174.1,0.474
2020-03-24,12.1,18.4,7.824,12.29,14.15,10.42,43.28,218.1,0.601
2020-03-25,11.93,18.26,5.863,12.52,15.25,10.06,55.99,191.7,0.313
2020-03-26,12.9,18.74,6.344,12.87,15.4,10.22,85.4,226.2,0.151
2020-03-27,16.78,20.64,13.28,14.27,15.36,13.09,99.4,133.5,0.076
2020-03-28,13.01,21.11,5.736,14.28,15.11,11.97,94.4,151.7,0.419
2020-03-29,6.367,8.44,4.789,10.45,11.97,9.89,85.5,132.8,1.087
2020-03-30,8.91,13.68,2.423,10.24,11.68,8.97,88.3,188.4,0.078
2020-03-31,10.99,15.1,8.22,11.27,12.49,10.44,87.4,156.6,0.11
2020-04-01,12.21,16.92,8.69,12.06,14.23,10.5,84.9,191.6,0.529
2020-04-02,9.61,15.17,6.135,11.67,12.93,10.74,80.8,197.3,2.425
2020-04-03,10.45,16.41,5.822,11.01,12.7,9.72,66.41,199.4,0.432
2020-04-04,11.68,17.39,7.007,11.63,13.6,10.18,53.39,211.7,0.56
2020-04-05,10.5,18.91,4.586,11.56,13.49,9.93,58.72,230.8,2.243
2020-04-06,7.698,12.68,4.046,10.91,12.71,8.91,54.28,130.4,1.516
2020-04-07,10.1,17.18,-2.309,10.81,13.33,8,41.44,105.8,0.543
2020-04-08,12.97,18.74,7.472,12.07,14.11,10.35,33.29,105.6,0.764
2020-04-09,12.86,18.61,7.721,12.5,14.4,10.94,41.83,105.2,0.489
2020-04-10,10.75,16.99,5.417,12.26,14.19,10.4,42.73,108.7,0.478
2020-04-11,11.02,17.8,5.428,12.43,14.42,10.7,71.36,105.2,0.355
2020-04-12,10.52,14.57,8.22,11.96,13.22,11.2,98.1,110,0.02
2020-04-13,7.603,9.44,5.735,10.27,11.2,9.25,99.4,109.6,0.047
2020-04-14,8.76,11.53,5.999,9.68,10.81,8.81,79.86,108.7,2.77
2020-04-15,11.65,18.53,3.702,10.27,12.55,8.24,52.41,108.7,0.596
2020-04-16,10.2,17.82,1.882,11.4,13.04,9.93,73.26,111,0.2
2020-04-17,12.4,19,2.727,12.28,15.05,9.95,81,111.6,0.247
2020-04-18,14.76,19.89,10.07,13.15,13.9,12.48,90.7,111.4,0.215
2020-04-19,12.05,16.92,7.01,12.51,14.22,11.15,79.02,110.6,1.303
2020-04-20,12.05,13.82,7.214,11.6,12.58,11.34,99.6,109.2,0.08
2020-04-21,12.95,18.54,10.01,12.37,14.14,11.08,87.8,109.5,0.26
2020-04-22,10.65,15.37,7.148,11.77,13.07,10.84,50.78,107.4,3.047
2020-04-23,8.41,13.01,5.533,10.83,11.92,9.97,63.89,107,2.344
2020-04-24,8.39,12.75,5.127,10.51,11.4,9.75,64.83,106.8,1.673
2020-04-25,9.86,16.92,1.274,11.19,13.51,9.52,58.73,106.8,0.271
2020-04-26,14.92,22.44,3.133,12.31,15.45,9.88,53.6,107.4,0.248
2020-04-27,12.73,19.21,7.275,13.5,15.6,11.72,61.88,108.2,0.818
2020-04-28,13.09,18.4,7.14,13.9,16.37,11.63,45.72,107.8,0.976
2020-04-29,13.2,19.41,7.405,13.95,16.53,11.58,36.05,107.4,0.564
2020-04-30,13.81,21.9,3.437,14.51,17.92,11.5,47.64,107.6,0.329
2020-05-01,16.24,24.66,3.132,15.47,18.64,12.29,79.66,108.4,0.306
2020-05-02,19.19,28.44,10.04,17.36,20.64,14.29,82,113,0.385
2020-05-03,18.53,21.37,13.15,16.89,18.88,16.02,93.4,112.5,0.531
2020-05-04,19.71,23.85,15.67,17.34,18.98,16.22,97.8,113.5,0.458
2020-05-05,19.62,25.74,15.97,17.95,19.61,16.68,89.1,114.5,0.535
2020-05-06,18.14,23.92,11.86,17.76,19.74,15.65,92.2,113.9,0.535
2020-05-07,18.08,22.83,13.75,18.6,20.78,16.91,85.4,114.9,0.691
2020-05-08,15.69,20.76,11.73,17.82,20.28,15.69,82.9,113.2,0.742
2020-05-09,17.82,22.11,13.55,16.86,17.97,15.84,93.8,113.3,0.742
2020-05-10,19.98,24.33,14.76,18.01,19.38,16.6,96.6,114.3,0.366
2020-05-11,16.3,20.16,13.04,17.27,18.6,16.5,90.8,111.8,0.645
2020-05-12,19.68,25.87,12.46,16.8,19.13,14.65,66.8,113.1,0.551
2020-05-13,18.68,26.48,13.15,17.63,19.77,15.8,57.48,112.1,1.293
2020-05-14,15.78,23.48,7.985,17.28,19.83,14.68,56.89,110.8,0.606
2020-05-15,17.98,24.59,8.15,17.4,19.3,15.2,65.13,110.9,0.569
2020-05-16,21.37,25.81,18.54,18.15,19.19,17.14,95.7,111.7,0.556
2020-05-17,20.23,25.54,12.64,19.34,20.61,18.35,97.4,112.3,0.548
2020-05-18,18.72,26.14,10.78,18.82,20.66,16.86,83.6,112.8,0.499
2020-05-19,19.92,23.22,14.77,19.12,20.25,18.18,95.4,112.4,1.129
2020-05-20,15.42,19.89,12.47,17.3,19.21,16,75.57,110.2,2.439
2020-05-21,15.66,21.9,9.84,16.41,18.63,14.28,73.56,110.3,0.509
2020-05-22,15.36,21.12,8.49,17.1,19.3,14.92,91.3,110.7,0.642
2020-05-23,16.85,21.03,14.5,17.74,19.03,16.57,93.9,110.5,0.803
2020-05-24,17.86,23.31,13.38,18.06,19.6,16.91,94.6,112.6,0.475
2020-05-25,21.57,27.36,18,18.66,20.25,16.82,87,115,0.368
2020-05-26,19.59,25.17,14.63,19.44,20.59,18.44,85.6,116.4,0.562
2020-05-27,17.35,23.12,13.75,18.04,19.36,17.39,80,112.2,0.523
2020-05-28,18.11,24.26,10.44,18.12,20.4,16.14,72.56,207.8,0.571
2020-05-29,18.49,25.07,8.76,18.37,20.46,16.29,71.44,220.8,0.477
2020-05-30,21.05,27.89,15.27,19.03,21.17,16.84,54.16,195.9,0.489
2020-05-31,18.54,21.37,15.64,19.04,20.26,18.34,91.6,152.4,0.527
2020-06-01,18.54,20.06,16.65,18.09,18.79,17.54,99.9,117.4,0.34
2020-06-02,20.15,26.82,9.5,18.98,20.71,17.81,80.2,221.7,0.538
2020-06-03,18.54,27.56,7.011,18.44,20.68,15.8,75.37,241.1,0.365
2020-06-04,20.28,24.96,14.09,18.72,19.6,17.7,96.7,148.1,0.23
2020-06-05,22.19,29.04,15.4,19.84,21.92,17.88,85.5,224,0.255
2020-06-06,22.25,29.71,14.5,20.44,21.87,18.72,84.7,191.8,0.185
2020-06-07,21.94,28.37,17.56,20.9,22.22,19.8,91.2,165.3,0.485
2020-06-08,21.31,27.46,13.15,21.5,23.47,19.59,80.4,239.1,0.241
2020-06-09,21.9,28.61,13.08,21.48,23.56,19.06,74.04,243.8,0.472
2020-06-10,22.92,26.52,17.83,21.58,22.5,20.59,93.3,149.1,0.69
2020-06-11,23.26,26.75,21.91,21.61,22.26,20.65,96.2,164.5,0.59
2020-06-12,24.41,28.98,22.44,22.25,23.4,21.17,97.3,158.1,0.192
2020-06-13,23.81,28.64,18.88,22.22,22.92,21.12,97.8,141.3,0.204
2020-06-14,25.67,28.51,24.19,22.4,23.15,21.92,98.1,147.6,0.133
2020-06-15,25.27,28.47,22.04,22.46,22.87,22.15,95.4,150,0.377
2020-06-16,23.21,28.91,16.79,22.49,23.75,21.34,88.8,204,0.561
2020-06-17,23.47,31.16,16.85,22.24,23.67,20.55,68.13,237.6,0.334
2020-06-18,19.84,26.14,16.79,21.42,22.73,20.19,87.2,152.7,0.133
2020-06-19,19.19,20.77,17.87,18.88,20.19,18.42,99.9,121.5,0.17
2020-06-20,19.4,24.59,14.63,18.94,19.76,18.41,96.1,155.1,0.453
2020-06-21,20.13,25.13,14.83,19.67,21.39,18.07,93,138.8,0.253
2020-06-22,20.8,25.03,18.61,20.67,22.05,19.5,93.1,114.8,0.37
2020-06-23,22.12,26.82,16.99,21.72,23.33,20.24,91.1,115.4,0.343
2020-06-24,22.51,27.66,16.38,21.9,23.44,20.21,90.3,114.9,0.406
2020-06-25,23.65,24.74,22.72,21.58,22.53,21.24,99.9,113.7,0.377
2020-06-26,23.2,25.44,19.68,21.58,22.03,21.25,99.8,114.2,0.115
2020-06-27,22.35,28.5,18.24,22.03,23.74,20.44,94.3,115.6,0.419
2020-06-28,23.98,29.7,18.51,22.43,23.35,21.22,96.1,116.1,0.238
2020-06-29,24.5,29.64,17.46,23.19,24.54,21.81,85.7,116.8,0.484
2020-06-30,21.69,25.01,17.26,21.83,23.66,21.24,98.7,114.1,0.345
2020-07-01,21.29,24.2,18.47,21.06,21.77,20.37,91.9,114.3,1.316
2020-07-02,21.16,27.22,15.97,21.1,22.29,19.89,87.3,114.8,0.83
2020-07-03,20.81,26.95,14.36,21.02,21.99,19.8,86.9,115,0.096
2020-07-04,20.86,21.77,19.49,20.66,21.53,19.83,99.9,113.1,0.179
2020-07-05,20.21,21.23,19.28,19.66,19.92,19.39,99.9,113.9,0.04
2020-07-06,22.62,24.9,20.83,20.32,21.15,19.71,99.2,115,0.215
2020-07-07,23.69,26.75,21.84,21.06,21.69,20.55,99.4,115.5,0.131
2020-07-08,22.67,29.07,19.07,21.52,22.28,20.65,98.8,114.8,0.199
2020-07-09,23.72,29.58,18.41,21.85,23.3,20.44,92.2,116.8,0.477
2020-07-10,23.59,27.16,20.09,22.16,22.82,21.75,99.5,115.5,0.066
2020-07-11,25.82,31.33,21.91,22.81,23.99,21.89,95.8,117,0.177
2020-07-12,23.83,28.64,18.54,23.01,23.69,22.2,95.4,115.8,0.211
2020-07-13,23.73,25.98,22.38,22.63,23.4,22.29,99.9,114.2,0.21
2020-07-14,25.24,28,21.57,22.83,23.17,22.54,99.3,113.9,0.215
2020-07-15,20.15,22.11,18.47,21.98,22.9,21.3,98.2,111.9,0.376
2020-07-16,19.82,23.18,17.19,20.85,21.31,20.45,96.6,112.1,0.167
2020-07-17,20.48,25,15.54,20.69,21.34,20.07,94.4,113.6,0.36
2020-07-18,21.12,26.68,14.29,21.03,22.37,19.7,88.7,114.6,0.268
2020-07-19,22.09,24.6,17.33,21.11,21.74,20.77,99.9,112.9,0.184
2020-07-20,26.71,30.4,24.4,21.93,22.82,21.22,98.1,115.4,0.141
2020-07-21,26.35,30.63,23.15,23.1,23.59,22.6,98.2,115.4,0.2
2020-07-22,24.51,26.35,22.78,22.99,23.34,22.68,99.9,115.1,0.151
2020-07-23,26.5,31.13,24.2,23.46,24.31,22.73,97.4,116.7,0.171
2020-07-24,25.67,26.82,22.98,23.61,24.08,23.32,97.7,115.3,0.163
2020-07-25,23.01,27.12,19.96,23.44,24.39,22.5,89.3,115.5,0.777
2020-07-26,22.63,27.19,18.44,23.2,24.17,22.22,91.2,116.3,0.372
2020-07-27,22.36,27.89,16.45,22.97,23.71,21.9,92,116.4,0.183
2020-07-28,24.09,26.49,22.18,22.51,23.32,22.04,99.9,116,0.058
2020-07-29,27.47,31.41,24.86,23.15,24.21,22.26,94.9,122.2,0.066
2020-07-30,27.5,31.16,25.48,24.38,25.33,23.6,95.8,119.5,0.075
2020-07-31,26.76,31.93,23.45,24.77,25.21,24.18,95.9,117.7,0.13
2020-08-01,26.01,30.86,21.57,24.76,25.61,23.83,93.4,117.9,0.088
2020-08-02,26.49,32.24,21.2,24.73,25.43,23.92,92.5,118,0.136
2020-08-03,28.06,32.27,25.48,25.3,26.26,24.38,90.2,119,0.127
2020-08-04,27.46,30.26,24.53,25.49,26.02,24.87,94.2,116.8,0.115
2020-08-05,27.7,30.53,25.94,25.61,26.16,25.08,97.1,116.3,0.224
2020-08-06,27.08,28.01,25.47,25.05,25.78,24.67,99.9,114.5,0.225
2020-08-07,27.07,28.34,25.98,24.53,24.7,24.3,99.3,114.3,0.071
2020-08-08,26.72,27.56,25.41,24.31,24.62,24.15,96.2,113.9,0.073
2020-08-09,27.02,28.37,26.25,24.2,24.42,23.99,96.5,114.8,0.078
2020-08-10,27.67,31.16,26.11,24.7,25.75,23.92,93.8,117.6,0.162
2020-08-11,26.97,29.05,25.34,24.9,25.43,24.57,98.4,115.7,0.122
2020-08-12,27.42,29.45,26.24,25,25.58,24.43,98.5,115.6,0.052
2020-08-13,28.1,32.51,25.2,25.51,26.24,24.94,95.4,117.3,0.038
2020-08-14,29.16,34.15,25.54,26.13,27.18,25.2,87.5,120.2,0.066
2020-08-15,28.45,34.74,23.79,26.65,27.7,25.6,91.1,119.6,0.073
2020-08-16,27.75,34.94,21.6,26.77,27.58,25.78,88.7,117.1,0.083
2020-08-17,27.05,32.41,21.6,26.25,27.07,25.6,92.8,115.7,0.074
2020-08-18,26.33,33.21,20.9,25.77,26.37,24.94,94,115.6,0.058
2020-08-19,26.16,32.26,19.95,25.59,26.36,24.61,91.7,114.4,0.127
2020-08-20,26.99,34.02,19.08,25.53,26.56,24.38,86,114.7,0.293
2020-08-21,26.54,33.48,19.61,25.7,26.6,24.61,88.9,113.6,0.267
2020-08-22,26.28,33.41,18.54,25.54,26.32,24.45,90.4,113.2,0.144
2020-08-23,26.24,30.59,22.37,25.62,26.1,25.24,98,112.4,0.072
2020-08-24,26.75,31.47,22.85,25.36,25.78,24.86,95.8,112,0.088
2020-08-25,27.94,32.85,24.23,25.64,26.43,24.94,92.9,112.3,0.157
2020-08-26,27.6,29.86,25.33,25.82,26.21,25.59,98.8,111.2,0.168
2020-08-27,26.31,27.29,24.46,24.3,25.62,23.59,99.9,111.1,1.006
2020-08-28,27.23,29.72,26.28,24.15,24.75,23.74,99.1,111.1,0.147
2020-08-29,27.22,31.06,25.07,24.88,25.59,24.3,96.8,110.6,0.09
2020-08-30,27.02,31.47,24.15,25.05,25.59,24.62,97.5,110.7,0.074
2020-08-31,26.51,32.06,22.24,25.18,25.78,24.46,95.1,111,0.097
2020-09-01,25.62,28.91,21.3,24.84,25.51,24.39,98.8,111.5,0.09
2020-09-02,26.05,27.49,24.8,24.53,24.88,24.33,99.9,111.5,0.052
2020-09-03,25.53,27.16,23.32,23.85,24.57,22.2,99.9,110.7,3.294
2020-09-04,23.19,28.57,13.48,22.56,23.8,21.75,90.2,110.3,4.532
2020-09-05,20.52,28.51,12.2,22.38,23.34,21.35,87.6,110.1,0.015
2020-09-06,19.17,21.74,16.85,21.72,22.71,21.03,97.5,109.3,0.004
2020-09-07,21.07,22.45,19.89,20.29,21.03,19.68,99.9,108.8,0.594
2020-09-08,21.29,25.33,15.7,19.35,20.06,18.67,97.5,108.2,5.315
2020-09-09,22.63,30.05,14.63,19.82,21.03,18.78,91,110,0.012
2020-09-10,23.56,29.34,18.6,20.81,21.69,20.04,85.7,109.9,0.02
2020-09-11,21.82,27.42,16.92,21.34,22.05,20.64,94.3,108.7,0.003
2020-09-12,21.15,24.4,17.6,21.03,21.63,20.64,99.1,108.2,0.005
2020-09-13,21.4,26.05,18.95,20.74,21.18,20.33,99.4,108.1,0.017
2020-09-14,21.76,25.21,20.56,21.02,21.81,20.68,99.3,108,0.008
2020-09-15,21.98,25.74,17.9,21.21,22.07,20.51,97,108.2,0.002
2020-09-16,21.48,26.27,16.45,21.37,22.04,20.47,96.4,108,0.004
2020-09-17,22.63,27.23,19.55,21.53,22.14,20.99,99.3,107.8,0.048
2020-09-18,20.21,22.01,17.8,20.86,21.95,19.58,99.7,106.9,0.016
2020-09-19,18.62,21.77,16.41,19.15,19.58,18.8,93.9,106.7,0.133
2020-09-20,18.39,27.12,9.91,18.63,19.78,17.43,81.3,107.1,0.007
2020-09-21,19.27,25.94,13.21,19.06,20.3,17.89,74.05,107.1,0.065
2020-09-22,17.74,24.79,12.2,18.91,19.81,17.89,88.6,106.6,0.01
2020-09-23,18.93,21.71,13.96,18.68,19.33,18.28,92.2,106.4,0.022
2020-09-24,19.11,19.89,18.07,18.42,18.74,18.27,98.1,107.2,0.015
2020-09-25,19.42,19.82,19.05,18.34,18.49,18.23,99.9,107.8,0.013
2020-09-26,20.57,24.83,16.78,19.09,20.4,18.2,90.3,107.6,0.295
2020-09-27,18.97,24.86,14.02,19.83,20.9,18.92,93,107.8,0.004
2020-09-28,19.09,23.21,15.04,19.75,20.6,18.95,93.8,107.3,0.019
2020-09-29,18.05,22.63,12.54,19.7,20.36,18.93,90.5,106.8,0.019
2020-09-30,17.81,23.65,12.74,19.2,20.16,18.18,85.9,107.3,0.106
2020-10-01,19.34,23.99,15.17,19.2,20.12,18.23,90.4,107,0.2
2020-10-02,18.21,24.97,12.81,19.31,20.02,18.49,93.9,107.6,0.006
2020-10-03,17.5,25.33,10.52,18.81,19.67,17.7,89.7,107.8,0.005
2020-10-04,19.33,24.93,15.24,19.03,19.66,18.35,93.5,108.2,0.001
2020-10-05,19.31,23.66,16.79,19.23,19.61,18.78,97.6,107.3,0.127
2020-10-06,15.99,19.07,13.62,18.57,19.34,17.91,76.95,106.2,1.151
2020-10-07,15.73,20.69,11.79,17.76,18.57,16.93,77.8,106.1,0.452
2020-10-08,17.32,21.63,11.59,17.64,18.35,16.97,83.1,106.4,0.048
2020-10-09,17.98,20.83,16.11,17.65,17.96,17.39,82.1,106.3,0.14
2020-10-10,17.64,18.88,16.04,16.98,17.47,16.71,80.8,106.1,0.103
2020-10-11,17.43,21.83,13.41,17.18,17.84,16.74,91.3,107.7,0.025
2020-10-12,17.53,23.04,12.1,17.7,18.4,17.2,91.9,108.8,0.005
2020-10-13,17.88,22.56,12.74,17.66,18.52,16.85,88.3,108.8,0.591
2020-10-14,15.85,19.61,12.17,17.54,18.07,16.92,80.1,106.1,1.007
2020-10-15,15.64,21.21,9.87,16.78,17.51,15.93,73.31,105.5,0.226
2020-10-16,14.76,20.28,10.85,16.54,17.16,15.78,72,104.8,0.357
2020-10-17,14.46,19.28,11.83,16.27,16.75,15.91,91.4,106.6,0.024
2020-10-18,14.28,20.34,8.76,15.86,16.68,15.02,81,104.4,0.239
2020-10-19,14.61,20.61,9.77,15.67,16.35,14.85,90.5,103.9,0.043
2020-10-20,14.87,21.89,8.76,15.88,16.86,14.97,84.9,104.3,0.028
2020-10-21,14.66,21.77,7.748,15.51,16.32,14.68,89,105.1,0.01
2020-10-22,16.49,20.69,12.47,15.5,15.86,15.08,97.8,105.3,0.114
2020-10-23,15.56,18.95,12.4,15.52,15.77,15.28,90,104.5,0.984
2020-10-24,12.9,15.37,11.56,14.6,15.42,14.08,70.19,104.4,3.618
2020-10-25,12.67,16.11,10.52,14.02,14.63,13.42,75.14,103.7,2.548
2020-10-26,14.24,19.01,10.59,13.95,14.88,13.11,82.6,104.3,1.063
2020-10-27,13.27,20.14,6.532,14.28,15.11,13.41,85.6,103.6,0.346
2020-10-28,13.37,22.97,5.323,14.03,14.93,13.05,80.8,105.4,0.033
2020-10-29,15.87,21.37,11.67,14.29,14.8,13.85,76.44,104.3,0.538
2020-10-30,13.33,18.33,9.87,14.15,14.65,13.54,71.09,103.9,0.906
2020-10-31,13.24,18.53,7.61,13.81,14.49,13.16,75.74,104.2,0.524
2020-11-01,11.99,19.24,5.797,13.83,14.54,13.11,86.3,106.4,0.009
2020-11-02,14.91,22.43,6.337,13.67,14.6,12.74,87,107.5,0.015
2020-11-03,13.83,17.36,9.87,14.38,14.54,14.04,91.3,105.9,0.497
2020-11-04,10.79,13.35,8.49,13.01,14.04,12.45,74.33,103.8,2.297
2020-11-05,9.22,14.18,2.964,12,12.61,11.34,76.57,103.4,1.217
2020-11-06,10.74,19.2,-0.613,11.45,12.47,10.33,78.51,103.8,0.005
2020-11-07,15.82,20.93,11.73,12.71,13.43,12.3,97.5,106,0
2020-11-08,16.65,21.13,12.27,13.49,14.18,13.03,83.5,106.4,0.606
2020-11-09,12.81,17.65,8.43,13.04,13.79,12.44,66.18,104,2.751
2020-11-10,9.59,13.21,7.553,11.98,12.8,11.41,64.81,103.3,2.154
2020-11-11,10.44,16.95,5.191,11.31,12.05,10.57,76.76,103.5,0.764
2020-11-12,8.06,17.05,2.119,10.94,11.72,10.02,86.1,105.2,0.04
2020-11-13,9.72,19.17,1.99,10.71,11.59,9.82,92.8,106.1,0.004
2020-11-14,10.84,19.07,3.302,10.59,11.31,9.72,76.32,104.8,0.582
2020-11-15,11.81,19.76,3.91,10.66,11.47,9.91,88.9,105.9,0.012
2020-11-16,13.58,19.56,4.688,11.15,12.11,10.4,96.1,108.1,0.001
2020-11-17,15.79,19.08,13.42,12.59,13.41,12.1,99.3,107.6,0.044
2020-11-18,18.82,22.31,12.34,13.67,14.44,13.16,99.1,107.1,0.065
2020-11-19,20.58,21.57,19.59,14.92,15.58,14.44,99.7,108.1,0.545
2020-11-20,19.6,26.08,13.55,16.43,17.34,15.57,99.4,109.1,0.937
2020-11-21,10.95,13.62,8.76,15.26,16.8,13.84,93.5,104.8,2.239
2020-11-22,11.14,16.73,1.882,12.91,13.84,12.28,94.4,106.5,0.237
2020-11-23,11.6,14.16,9.03,12.69,12.98,12.33,98.9,109.1,1.14
2020-11-24,7.712,10.05,6.578,11.44,12.33,10.84,83.8,104.7,2.006
2020-11-25,8.02,11.52,5.282,10.3,10.85,9.91,68.27,104.8,1.226
2020-11-26,9.75,13.81,6.708,9.71,10.25,9.21,75.38,105.3,1.498
2020-11-27,9.67,14.56,7.621,9.96,10.55,9.53,86.5,105.7,0.797
2020-11-28,8.81,11.6,6.405,10.01,10.37,9.65,84.9,104.9,2.599
2020-11-29,6.316,8.23,5.329,8.98,9.65,8.59,75.72,104.4,2.811
2020-11-30,6.536,9.65,5.127,8.29,8.6,8.1,89.8,106.2,0.997
2020-12-01,6.228,9.13,4.789,8.09,8.32,7.887,86.3,106,0.926
2020-12-02,5.112,10.17,0.063,7.816,8.35,7.328,76.56,104.7,0.648
2020-12-03,7.005,11.93,-0.275,7.318,7.809,6.833,76.75,104.8,0.753
2020-12-04,6.136,10.18,4.147,7.119,7.547,6.673,78.7,104.5,1.754
2020-12-05,5.355,8.46,3.707,6.95,7.267,6.612,77.28,104.3,2.149
2020-12-06,5.829,10.65,2.964,6.718,7.161,6.285,81.8,104.5,0.709
2020-12-07,5.869,10.38,1.984,6.554,6.949,6.04,82.8,104.2,0.645
2020-12-08,8.41,13.37,2.761,6.617,7.412,6.015,78.72,104.7,0.609
2020-12-09,6.566,10.18,4.147,7.528,8.05,7.118,86.6,104.4,0.889
2020-12-10,5.093,12.6,-0.106,7.271,7.762,6.591,85.6,105.7,0.239
2020-12-11,8.01,13.01,1.821,7.17,7.683,6.776,77.78,105,0.523
2020-12-12,8.86,11.63,3.707,7.475,7.886,7.19,90.8,105.2,0.053
2020-12-13,6.859,9.64,-1.021,7.85,8.09,7.503,79.91,104.5,1.272
2020-12-14,6.167,14.29,-1.83,6.799,7.513,6.095,77.59,105.4,0.77
2020-12-15,0.641,3.302,-0.777,6.299,7.223,5.609,87.7,103.7,2.252
2020-12-16,0.105,1.551,-0.646,5.247,5.609,4.969,88.3,103.5,0.919
2020-12-17,1.079,2.498,0.266,4.771,4.979,4.569,94,105.5,1.357
2020-12-18,2.882,5.661,0.74,4.412,4.578,4.226,89.1,104.2,0.965
2020-12-19,4.901,8.76,2.761,4.345,4.729,4.148,86.2,105.6,0.892
2020-12-20,1.971,3.805,-0.474,4.577,4.794,4.366,73.36,103.4,1.995
2020-12-21,3.728,6.611,0.266,4.042,4.388,3.796,79.17,103.7,1.102
2020-12-22,4.79,7.953,-1.16,4.369,4.88,4.081,79.09,104.2,0.478
2020-12-23,5.3,11.99,-1.695,4.712,5.425,4.104,78.53,105.5,0.263
2020-12-24,6.613,14.62,-2.967,4.772,5.482,4.142,83.2,108.9,0.049
2020-12-25,8.46,12.2,4.754,6.012,6.583,5.481,82.1,110.9,0.697
2020-12-26,4.552,8.42,0.334,5.633,6.161,5.299,71.77,106.2,0.008
2020-12-27,3.715,9.77,-1.422,4.961,5.413,4.454,87.5,110,0
2020-12-28,9.01,10.99,4.79,5.351,6.171,4.861,99.8,112.6,0
2020-12-29,9.41,14.88,3.023,6.673,7.489,6.171,91.7,108.1,0
2020-12-30,7.531,13.08,1.585,6.702,7.132,6.241,99.6,106.8,0.01
2020-12-31,-1.864,1.619,-3.339,5.561,6.779,4.775,99.5,100.8,0.081
